"","Date","Value","CountryCode","Country"
"1",2004-12-31,180914.64,"ARG","Argentina"
"2",2003-12-31,170447.19,"ARG","Argentina"
"3",2002-12-31,147347.31,"ARG","Argentina"
"4",2001-12-31,140329.81,"ARG","Argentina"
"5",2000-12-31,166461.09,"ARG","Argentina"
"6",1999-12-31,165949.68,"ARG","Argentina"
"7",1998-12-31,151552.88,"ARG","Argentina"
"8",1997-12-31,141054.75,"ARG","Argentina"
"9",1961-12-31,121174.73,"ARG","Argentina"
"10",1959-12-31,135168.29,"ARG","Argentina"
"11",1958-12-31,115660.49,"ARG","Argentina"
"12",1956-12-31,123025.06,"ARG","Argentina"
"13",1954-12-31,121267.77,"ARG","Argentina"
"14",1953-12-31,109019.45,"ARG","Argentina"
"15",1952-12-31,121748.21,"ARG","Argentina"
"16",1951-12-31,127028.84,"ARG","Argentina"
"17",1950-12-31,149531.03,"ARG","Argentina"
"18",1949-12-31,150863.74,"ARG","Argentina"
"19",1948-12-31,175159.44,"ARG","Argentina"
"20",1947-12-31,166322.51,"ARG","Argentina"
"21",1946-12-31,147603.52,"ARG","Argentina"
"22",1945-12-31,161731.75,"ARG","Argentina"
"23",1944-12-31,157821.35,"ARG","Argentina"
"24",1943-12-31,171018.72,"ARG","Argentina"
"25",1942-12-31,158922.52,"ARG","Argentina"
"26",1941-12-31,146231.73,"ARG","Argentina"
"27",1940-12-31,132378.38,"ARG","Argentina"
"28",1939-12-31,135831.95,"ARG","Argentina"
"29",1938-12-31,136217.46,"ARG","Argentina"
"30",1937-12-31,130134.54,"ARG","Argentina"
"31",1936-12-31,132167.16,"ARG","Argentina"
"32",1935-12-31,119325.63,"ARG","Argentina"
"33",1934-12-31,112928.33,"ARG","Argentina"
"34",1933-12-31,107213.46,"ARG","Argentina"
"35",1932-12-31,123907.86,"ARG","Argentina"
"36",2010-12-31,451886.43,"AUS","Australia"
"37",2009-12-31,417724.54,"AUS","Australia"
"38",2008-12-31,417560.78,"AUS","Australia"
"39",2007-12-31,464028.24,"AUS","Australia"
"40",2006-12-31,464739.29,"AUS","Australia"
"41",2005-12-31,406311.63,"AUS","Australia"
"42",2004-12-31,386935.35,"AUS","Australia"
"43",2003-12-31,357884.27,"AUS","Australia"
"44",2002-12-31,332672.71,"AUS","Australia"
"45",2001-12-31,316942.03,"AUS","Australia"
"46",2000-12-31,343851.94,"AUS","Australia"
"47",1999-12-31,333659.34,"AUS","Australia"
"48",1998-12-31,289502.98,"AUS","Australia"
"49",1997-12-31,280164.23,"AUS","Australia"
"50",1996-12-31,254366.3,"AUS","Australia"
"51",1995-12-31,248176.19,"AUS","Australia"
"52",1994-12-31,240546.55,"AUS","Australia"
"53",1993-12-31,228726.17,"AUS","Australia"
"54",1992-12-31,214068.55,"AUS","Australia"
"55",1991-12-31,205914.98,"AUS","Australia"
"56",1990-12-31,206683.29,"AUS","Australia"
"57",1989-12-31,221782.18,"AUS","Australia"
"58",1988-12-31,285875.56,"AUS","Australia"
"59",1987-12-31,222068.57,"AUS","Australia"
"60",1986-12-31,180763.15,"AUS","Australia"
"61",1985-12-31,173845.6,"AUS","Australia"
"62",1984-12-31,164962.22,"AUS","Australia"
"63",1983-12-31,156042.76,"AUS","Australia"
"64",1982-12-31,156027.34,"AUS","Australia"
"65",1981-12-31,159006.79,"AUS","Australia"
"66",1980-12-31,162541.1,"AUS","Australia"
"67",1979-12-31,160383.05,"AUS","Australia"
"68",1978-12-31,163244.1,"AUS","Australia"
"69",1977-12-31,162338.55,"AUS","Australia"
"70",1976-12-31,167374.72,"AUS","Australia"
"71",1975-12-31,173923.52,"AUS","Australia"
"72",1974-12-31,176813.55,"AUS","Australia"
"73",1973-12-31,183791.45,"AUS","Australia"
"74",1972-12-31,181564.71,"AUS","Australia"
"75",1971-12-31,164632.35,"AUS","Australia"
"76",1970-12-31,165834.8,"AUS","Australia"
"77",1969-12-31,169226.92,"AUS","Australia"
"78",1968-12-31,165451.24,"AUS","Australia"
"79",1967-12-31,161292.81,"AUS","Australia"
"80",1966-12-31,157981.32,"AUS","Australia"
"81",1965-12-31,154275.48,"AUS","Australia"
"82",1964-12-31,157235.12,"AUS","Australia"
"83",1963-12-31,165098.63,"AUS","Australia"
"84",1962-12-31,150317.68,"AUS","Australia"
"85",1961-12-31,143273.33,"AUS","Australia"
"86",1960-12-31,144553.15,"AUS","Australia"
"87",1959-12-31,148995.01,"AUS","Australia"
"88",1958-12-31,139456.66,"AUS","Australia"
"89",1957-12-31,126559.04,"AUS","Australia"
"90",1956-12-31,149468.03,"AUS","Australia"
"91",1955-12-31,145280.72,"AUS","Australia"
"92",1954-12-31,151388.16,"AUS","Australia"
"93",1953-12-31,155207.16,"AUS","Australia"
"94",1952-12-31,162723.18,"AUS","Australia"
"95",1951-12-31,170987.93,"AUS","Australia"
"96",1950-12-31,305630.26,"AUS","Australia"
"97",1949-12-31,214379.41,"AUS","Australia"
"98",1948-12-31,197204.76,"AUS","Australia"
"99",1947-12-31,182395.36,"AUS","Australia"
"100",1946-12-31,141756.26,"AUS","Australia"
"101",1945-12-31,133695.65,"AUS","Australia"
"102",1944-12-31,132585.65,"AUS","Australia"
"103",1943-12-31,157488.11,"AUS","Australia"
"104",1942-12-31,151316.6,"AUS","Australia"
"105",1941-12-31,150534.49,"AUS","Australia"
"106",1940-12-31,129691.88,"AUS","Australia"
"107",1939-12-31,135730.48,"AUS","Australia"
"108",1938-12-31,128361.62,"AUS","Australia"
"109",1937-12-31,123111.05,"AUS","Australia"
"110",1936-12-31,139559.19,"AUS","Australia"
"111",1935-12-31,121000.89,"AUS","Australia"
"112",1934-12-31,114326.06,"AUS","Australia"
"113",1933-12-31,112440.62,"AUS","Australia"
"114",1932-12-31,93447.29,"AUS","Australia"
"115",1931-12-31,90857.3,"AUS","Australia"
"116",1930-12-31,95609.68,"AUS","Australia"
"117",1929-12-31,117983.63,"AUS","Australia"
"118",1928-12-31,139355.26,"AUS","Australia"
"119",1927-12-31,145479.96,"AUS","Australia"
"120",1926-12-31,139872.78,"AUS","Australia"
"121",1925-12-31,139125.67,"AUS","Australia"
"122",1924-12-31,149733.43,"AUS","Australia"
"123",1923-12-31,139144.27,"AUS","Australia"
"124",1922-12-31,123788.14,"AUS","Australia"
"125",1921-12-31,130098.33,"AUS","Australia"
"126",2000-12-31,337141.95,"CAN","Canada"
"127",1999-12-31,306739.93,"CAN","Canada"
"128",1998-12-31,291703.08,"CAN","Canada"
"129",1997-12-31,270295.62,"CAN","Canada"
"130",1996-12-31,246173.33,"CAN","Canada"
"131",1995-12-31,232562.49,"CAN","Canada"
"132",1994-12-31,220514.88,"CAN","Canada"
"133",1993-12-31,217894.95,"CAN","Canada"
"134",1992-12-31,216013.2,"CAN","Canada"
"135",1991-12-31,220810.76,"CAN","Canada"
"136",1990-12-31,232553.35,"CAN","Canada"
"137",1989-12-31,248996.09,"CAN","Canada"
"138",1988-12-31,228770.09,"CAN","Canada"
"139",1987-12-31,197482.73,"CAN","Canada"
"140",1986-12-31,191612.5,"CAN","Canada"
"141",1985-12-31,188980.19,"CAN","Canada"
"142",1984-12-31,186246.28,"CAN","Canada"
"143",1983-12-31,181077.71,"CAN","Canada"
"144",1982-12-31,193412.34,"CAN","Canada"
"145",1981-12-31,185865.76,"CAN","Canada"
"146",1980-12-31,187007.37,"CAN","Canada"
"147",1979-12-31,178397.46,"CAN","Canada"
"148",1978-12-31,173217.71,"CAN","Canada"
"149",1977-12-31,176188.28,"CAN","Canada"
"150",1976-12-31,184022.68,"CAN","Canada"
"151",1975-12-31,192266.27,"CAN","Canada"
"152",1974-12-31,190433.06,"CAN","Canada"
"153",1973-12-31,182210.76,"CAN","Canada"
"154",1972-12-31,170476.78,"CAN","Canada"
"155",1971-12-31,163851.36,"CAN","Canada"
"156",1970-12-31,159289.99,"CAN","Canada"
"157",1969-12-31,157730.21,"CAN","Canada"
"158",1968-12-31,152769.98,"CAN","Canada"
"159",1967-12-31,148562.76,"CAN","Canada"
"160",1966-12-31,143473.06,"CAN","Canada"
"161",1965-12-31,140151.23,"CAN","Canada"
"162",1964-12-31,134445.89,"CAN","Canada"
"163",1963-12-31,126301.9,"CAN","Canada"
"164",1962-12-31,124982.48,"CAN","Canada"
"165",1961-12-31,124383.85,"CAN","Canada"
"166",1960-12-31,121182.59,"CAN","Canada"
"167",1959-12-31,118404.28,"CAN","Canada"
"168",1958-12-31,117879.68,"CAN","Canada"
"169",1957-12-31,114649.09,"CAN","Canada"
"170",1956-12-31,113633.11,"CAN","Canada"
"171",1955-12-31,112062.9,"CAN","Canada"
"172",1954-12-31,107219.77,"CAN","Canada"
"173",1953-12-31,105489.22,"CAN","Canada"
"174",1952-12-31,101258.28,"CAN","Canada"
"175",1951-12-31,99490.46,"CAN","Canada"
"176",1950-12-31,101470.61,"CAN","Canada"
"177",1949-12-31,97896.67,"CAN","Canada"
"178",1948-12-31,96774.14,"CAN","Canada"
"179",1947-12-31,102140.05,"CAN","Canada"
"180",1946-12-31,96913.87,"CAN","Canada"
"181",1945-12-31,94163.79,"CAN","Canada"
"182",1944-12-31,94814.33,"CAN","Canada"
"183",1943-12-31,94690.03,"CAN","Canada"
"184",1942-12-31,94703.7,"CAN","Canada"
"185",1941-12-31,92953.27,"CAN","Canada"
"186",1940-12-31,92330.36,"CAN","Canada"
"187",1939-12-31,96366.22,"CAN","Canada"
"188",1938-12-31,101123.86,"CAN","Canada"
"189",1937-12-31,90125.3,"CAN","Canada"
"190",1936-12-31,89549.48,"CAN","Canada"
"191",1935-12-31,84310.8,"CAN","Canada"
"192",1934-12-31,83231.09,"CAN","Canada"
"193",1933-12-31,79283.56,"CAN","Canada"
"194",1932-12-31,82584.78,"CAN","Canada"
"195",1931-12-31,87160.85,"CAN","Canada"
"196",1930-12-31,93884.05,"CAN","Canada"
"197",1929-12-31,98428.01,"CAN","Canada"
"198",1928-12-31,99150.74,"CAN","Canada"
"199",1927-12-31,90778.18,"CAN","Canada"
"200",1926-12-31,83282.98,"CAN","Canada"
"201",1925-12-31,73782.85,"CAN","Canada"
"202",1924-12-31,76184.31,"CAN","Canada"
"203",1923-12-31,76230.96,"CAN","Canada"
"204",1922-12-31,75649.92,"CAN","Canada"
"205",1921-12-31,78752.92,"CAN","Canada"
"206",1920-12-31,71733.15,"CAN","Canada"
"207",2003-12-31,77294.84,"CHN","China"
"208",2002-12-31,63845.19,"CHN","China"
"209",2001-12-31,54509.16,"CHN","China"
"210",2000-12-31,50118.9,"CHN","China"
"211",1999-12-31,43604.21,"CHN","China"
"212",1998-12-31,40345.84,"CHN","China"
"213",1997-12-31,39139.09,"CHN","China"
"214",1996-12-31,35685.39,"CHN","China"
"215",1995-12-31,32192.98,"CHN","China"
"216",1994-12-31,31346.53,"CHN","China"
"217",1993-12-31,28057.14,"CHN","China"
"218",1992-12-31,23109.07,"CHN","China"
"219",1991-12-31,17891.29,"CHN","China"
"220",1990-12-31,16534.96,"CHN","China"
"221",1989-12-31,16151.04,"CHN","China"
"222",1988-12-31,16306.15,"CHN","China"
"223",1987-12-31,11519.09,"CHN","China"
"224",1986-12-31,11673.13,"CHN","China"
"225",2010-12-31,246225.98,"COL","Colombia"
"226",2009-12-31,235105.56,"COL","Colombia"
"227",2008-12-31,235883.28,"COL","Colombia"
"228",2007-12-31,234972.7,"COL","Colombia"
"229",2006-12-31,219767.45,"COL","Colombia"
"230",2005-12-31,200197.12,"COL","Colombia"
"231",2004-12-31,186255.14,"COL","Colombia"
"232",2003-12-31,199671.2,"COL","Colombia"
"233",2002-12-31,183755.29,"COL","Colombia"
"234",2001-12-31,177805.78,"COL","Colombia"
"235",2000-12-31,178704.76,"COL","Colombia"
"236",1999-12-31,185493.77,"COL","Colombia"
"237",1998-12-31,206360.05,"COL","Colombia"
"238",1997-12-31,224281.29,"COL","Colombia"
"239",1996-12-31,230853.84,"COL","Colombia"
"240",1995-12-31,233551.82,"COL","Colombia"
"241",1994-12-31,235622.68,"COL","Colombia"
"242",1993-12-31,230511.92,"COL","Colombia"
"243",2009-12-31,219693.35,"FRA","France"
"244",2008-12-31,239533.36,"FRA","France"
"245",2007-12-31,253446.25,"FRA","France"
"246",2006-12-31,240168.97,"FRA","France"
"247",2005-12-31,228946.38,"FRA","France"
"248",2004-12-31,220686.93,"FRA","France"
"249",2003-12-31,216622.3,"FRA","France"
"250",2002-12-31,214753.67,"FRA","France"
"251",2001-12-31,211677.98,"FRA","France"
"252",2000-12-31,203637.53,"FRA","France"
"253",1999-12-31,197306.59,"FRA","France"
"254",1998-12-31,189319.85,"FRA","France"
"255",1997-12-31,182383.01,"FRA","France"
"256",1996-12-31,181209.84,"FRA","France"
"257",1995-12-31,181289.49,"FRA","France"
"258",1994-12-31,182015.32,"FRA","France"
"259",1993-12-31,182693.5,"FRA","France"
"260",1992-12-31,187824.53,"FRA","France"
"261",1991-12-31,194729.72,"FRA","France"
"262",1990-12-31,201970.73,"FRA","France"
"263",1989-12-31,200212.7,"FRA","France"
"264",1988-12-31,192358.74,"FRA","France"
"265",1987-12-31,187023.6,"FRA","France"
"266",1986-12-31,180910.21,"FRA","France"
"267",1985-12-31,172690.87,"FRA","France"
"268",1984-12-31,170382.61,"FRA","France"
"269",1983-12-31,171337.71,"FRA","France"
"270",1982-12-31,173603.7,"FRA","France"
"271",1981-12-31,183540.68,"FRA","France"
"272",1980-12-31,185432.89,"FRA","France"
"273",1979-12-31,190368.97,"FRA","France"
"274",1978-12-31,185992.43,"FRA","France"
"275",1977-12-31,178836.47,"FRA","France"
"276",1976-12-31,186903.68,"FRA","France"
"277",1975-12-31,179281.83,"FRA","France"
"278",1974-12-31,175115.94,"FRA","France"
"279",1973-12-31,179184.89,"FRA","France"
"280",1972-12-31,164985.36,"FRA","France"
"281",1971-12-31,157876.61,"FRA","France"
"282",1970-12-31,149387.52,"FRA","France"
"283",1969-12-31,142948.01,"FRA","France"
"284",1968-12-31,140329.07,"FRA","France"
"285",1967-12-31,142757.82,"FRA","France"
"286",1966-12-31,135288.82,"FRA","France"
"287",1965-12-31,132472.01,"FRA","France"
"288",1964-12-31,126716.4,"FRA","France"
"289",1963-12-31,119100.02,"FRA","France"
"290",1962-12-31,114758.9,"FRA","France"
"291",1961-12-31,111492.48,"FRA","France"
"292",1960-12-31,104320.29,"FRA","France"
"293",1959-12-31,95666.63,"FRA","France"
"294",1958-12-31,91023.06,"FRA","France"
"295",1957-12-31,95792.81,"FRA","France"
"296",1956-12-31,88668.64,"FRA","France"
"297",1955-12-31,83860.38,"FRA","France"
"298",1954-12-31,77087.33,"FRA","France"
"299",1953-12-31,71642.97,"FRA","France"
"300",1952-12-31,69767.48,"FRA","France"
"301",1951-12-31,65602.61,"FRA","France"
"302",1950-12-31,61159.11,"FRA","France"
"303",1949-12-31,58161.19,"FRA","France"
"304",1948-12-31,50617.98,"FRA","France"
"305",1947-12-31,50223.08,"FRA","France"
"306",1946-12-31,57230.35,"FRA","France"
"307",1945-12-31,45895.29,"FRA","France"
"308",1944-12-31,42061.48,"FRA","France"
"309",1943-12-31,50645.78,"FRA","France"
"310",1942-12-31,57577.66,"FRA","France"
"311",1941-12-31,57565.33,"FRA","France"
"312",1940-12-31,55237.21,"FRA","France"
"313",1939-12-31,72022.1,"FRA","France"
"314",1938-12-31,77383.23,"FRA","France"
"315",1937-12-31,80373.71,"FRA","France"
"316",1936-12-31,85801.87,"FRA","France"
"317",1935-12-31,85976.49,"FRA","France"
"318",1934-12-31,81661.36,"FRA","France"
"319",1933-12-31,82489.93,"FRA","France"
"320",1932-12-31,82560.14,"FRA","France"
"321",1931-12-31,82995.63,"FRA","France"
"322",1930-12-31,89824.14,"FRA","France"
"323",1929-12-31,92830.69,"FRA","France"
"324",1928-12-31,97575.07,"FRA","France"
"325",1927-12-31,92064.94,"FRA","France"
"326",1926-12-31,97735.36,"FRA","France"
"327",1925-12-31,110671.04,"FRA","France"
"328",1924-12-31,109248.76,"FRA","France"
"329",1923-12-31,114051.61,"FRA","France"
"330",1922-12-31,108353.27,"FRA","France"
"331",1921-12-31,98168.8,"FRA","France"
"332",1920-12-31,87516.55,"FRA","France"
"333",1919-12-31,96896.43,"FRA","France"
"334",1918-12-31,86603.17,"FRA","France"
"335",1917-12-31,101841.24,"FRA","France"
"336",1916-12-31,98058.55,"FRA","France"
"337",1915-12-31,87035.87,"FRA","France"
"338",1905-12-31,99885.95,"FRA","France"
"339",2008-12-31,414363.83,"DEU","Germany"
"340",2007-12-31,383259.18,"DEU","Germany"
"341",2006-12-31,363685.66,"DEU","Germany"
"342",2005-12-31,338249.57,"DEU","Germany"
"343",2004-12-31,316553.5,"DEU","Germany"
"344",2003-12-31,293566.94,"DEU","Germany"
"345",2002-12-31,301782.03,"DEU","Germany"
"346",2001-12-31,330823.81,"DEU","Germany"
"347",1998-12-31,327629.14,"DEU","Germany"
"348",1995-12-31,269599.6,"DEU","Germany"
"349",1992-12-31,321737.25,"DEU","Germany"
"350",1989-12-31,322673.53,"DEU","Germany"
"351",1986-12-31,276892.1,"DEU","Germany"
"352",1983-12-31,246993.57,"DEU","Germany"
"353",1980-12-31,306982.69,"DEU","Germany"
"354",1977-12-31,281406.67,"DEU","Germany"
"355",1974-12-31,268142.12,"DEU","Germany"
"356",1971-12-31,289409.01,"DEU","Germany"
"357",1968-12-31,229918.93,"DEU","Germany"
"358",1965-12-31,230335.89,"DEU","Germany"
"359",1961-12-31,192077.09,"DEU","Germany"
"360",1957-12-31,137796.21,"DEU","Germany"
"361",1950-12-31,87910.58,"DEU","Germany"
"362",1938-12-31,127421.83,"DEU","Germany"
"363",1937-12-31,105747.15,"DEU","Germany"
"364",1936-12-31,86643.63,"DEU","Germany"
"365",1935-12-31,69427.94,"DEU","Germany"
"366",1934-12-31,60151.67,"DEU","Germany"
"367",1933-12-31,52365.56,"DEU","Germany"
"368",1932-12-31,53163.1,"DEU","Germany"
"369",1929-12-31,70159.96,"DEU","Germany"
"370",1928-12-31,72710.35,"DEU","Germany"
"371",1927-12-31,72429.2,"DEU","Germany"
"372",1926-12-31,68119.52,"DEU","Germany"
"373",1925-12-31,67964.47,"DEU","Germany"
"374",1999-12-31,229679.3,"IND","India"
"375",1998-12-31,223561.08,"IND","India"
"376",1997-12-31,262105.69,"IND","India"
"377",1996-12-31,207252.76,"IND","India"
"378",1995-12-31,199685.48,"IND","India"
"379",1994-12-31,180766.93,"IND","India"
"380",1993-12-31,179917.22,"IND","India"
"381",1992-12-31,136488.32,"IND","India"
"382",1991-12-31,139481.21,"IND","India"
"383",1990-12-31,147359.65,"IND","India"
"384",1989-12-31,154480.62,"IND","India"
"385",1988-12-31,150883.95,"IND","India"
"386",1987-12-31,134502.32,"IND","India"
"387",1986-12-31,140409.06,"IND","India"
"388",1985-12-31,134205.46,"IND","India"
"389",1984-12-31,100723.65,"IND","India"
"390",1983-12-31,101454.99,"IND","India"
"391",1982-12-31,68884.89,"IND","India"
"392",1981-12-31,67188.12,"IND","India"
"393",1980-12-31,72505.42,"IND","India"
"394",1979-12-31,80880.71,"IND","India"
"395",1978-12-31,87660.84,"IND","India"
"396",1977-12-31,87730.4,"IND","India"
"397",1976-12-31,99674.22,"IND","India"
"398",1975-12-31,87072.96,"IND","India"
"399",1974-12-31,82113.85,"IND","India"
"400",1973-12-31,97335.63,"IND","India"
"401",1971-12-31,113206.07,"IND","India"
"402",1970-12-31,133250.33,"IND","India"
"403",1968-12-31,125338.62,"IND","India"
"404",1967-12-31,126301.09,"IND","India"
"405",1966-12-31,123420.27,"IND","India"
"406",1965-12-31,135767.02,"IND","India"
"407",1964-12-31,128134.58,"IND","India"
"408",1962-12-31,139764.76,"IND","India"
"409",1961-12-31,145568.58,"IND","India"
"410",1960-12-31,146286.94,"IND","India"
"411",1959-12-31,136596.52,"IND","India"
"412",1958-12-31,134584.14,"IND","India"
"413",1957-12-31,136401.55,"IND","India"
"414",1956-12-31,136798.84,"IND","India"
"415",1955-12-31,148676.9,"IND","India"
"416",1954-12-31,148643.41,"IND","India"
"417",1953-12-31,113292.22,"IND","India"
"418",1950-12-31,119330.55,"IND","India"
"419",1949-12-31,107421.52,"IND","India"
"420",1948-12-31,104605.15,"IND","India"
"421",1947-12-31,112743.7,"IND","India"
"422",1945-12-31,104408.23,"IND","India"
"423",1944-12-31,104647.95,"IND","India"
"424",1943-12-31,96004.29,"IND","India"
"425",1941-12-31,159775.4,"IND","India"
"426",1940-12-31,173426.54,"IND","India"
"427",1939-12-31,164520.5,"IND","India"
"428",1938-12-31,173215.25,"IND","India"
"429",1937-12-31,148891.75,"IND","India"
"430",1936-12-31,151630.93,"IND","India"
"431",1935-12-31,164687.25,"IND","India"
"432",1934-12-31,167082.21,"IND","India"
"433",1933-12-31,166931.51,"IND","India"
"434",1932-12-31,157712.35,"IND","India"
"435",1931-12-31,154954.56,"IND","India"
"436",1930-12-31,140360.9,"IND","India"
"437",1929-12-31,132428.31,"IND","India"
"438",1928-12-31,138579.69,"IND","India"
"439",1927-12-31,134385.12,"IND","India"
"440",1926-12-31,128806.66,"IND","India"
"441",1925-12-31,127934.67,"IND","India"
"442",1924-12-31,126488.72,"IND","India"
"443",1923-12-31,131410.66,"IND","India"
"444",1922-12-31,122909.92,"IND","India"
"445",2009-12-31,357800.45,"IRL","Ireland"
"446",2008-12-31,388948.57,"IRL","Ireland"
"447",2007-12-31,423020.83,"IRL","Ireland"
"448",2006-12-31,444108.67,"IRL","Ireland"
"449",2005-12-31,408496.21,"IRL","Ireland"
"450",2004-12-31,368853.82,"IRL","Ireland"
"451",2003-12-31,339956,"IRL","Ireland"
"452",2002-12-31,329468.6,"IRL","Ireland"
"453",2001-12-31,326981.27,"IRL","Ireland"
"454",2000-12-31,320827.47,"IRL","Ireland"
"455",1999-12-31,244332.79,"IRL","Ireland"
"456",1998-12-31,234404.21,"IRL","Ireland"
"457",1997-12-31,194154.59,"IRL","Ireland"
"458",1996-12-31,178126.12,"IRL","Ireland"
"459",1995-12-31,164599.77,"IRL","Ireland"
"460",1994-12-31,154418.72,"IRL","Ireland"
"461",1993-12-31,148428.97,"IRL","Ireland"
"462",1992-12-31,145537.17,"IRL","Ireland"
"463",1991-12-31,134157.34,"IRL","Ireland"
"464",1990-12-31,121513.94,"IRL","Ireland"
"465",1989-12-31,113632.01,"IRL","Ireland"
"466",1988-12-31,105596.6,"IRL","Ireland"
"467",1987-12-31,101358.72,"IRL","Ireland"
"468",1986-12-31,98541.8,"IRL","Ireland"
"469",1985-12-31,98183.31,"IRL","Ireland"
"470",1984-12-31,101597.08,"IRL","Ireland"
"471",1983-12-31,107091.65,"IRL","Ireland"
"472",1982-12-31,106136.81,"IRL","Ireland"
"473",1981-12-31,103191.98,"IRL","Ireland"
"474",1980-12-31,111505.37,"IRL","Ireland"
"475",1979-12-31,136226.49,"IRL","Ireland"
"476",1978-12-31,104537.36,"IRL","Ireland"
"477",1977-12-31,88138.13,"IRL","Ireland"
"478",1976-12-31,85162.59,"IRL","Ireland"
"479",1975-12-31,90518.27,"IRL","Ireland"
"480",1943-12-31,64119.88,"IRL","Ireland"
"481",1938-12-31,89393.4,"IRL","Ireland"
"482",2009-12-31,165254.48,"ITA","Italy"
"483",2008-12-31,173128.64,"ITA","Italy"
"484",2007-12-31,180415.61,"ITA","Italy"
"485",2006-12-31,177541.31,"ITA","Italy"
"486",2005-12-31,167003.07,"ITA","Italy"
"487",2004-12-31,164072.98,"ITA","Italy"
"488",2003-12-31,165725.01,"ITA","Italy"
"489",2002-12-31,162331.55,"ITA","Italy"
"490",2001-12-31,161406.35,"ITA","Italy"
"491",2000-12-31,153929.64,"ITA","Italy"
"492",1999-12-31,148220.3,"ITA","Italy"
"493",1998-12-31,143053.75,"ITA","Italy"
"494",1995-12-31,127132.67,"ITA","Italy"
"495",1994-12-31,127274.32,"ITA","Italy"
"496",1993-12-31,127165.18,"ITA","Italy"
"497",1992-12-31,131316.24,"ITA","Italy"
"498",1991-12-31,130657.24,"ITA","Italy"
"499",1990-12-31,127586.35,"ITA","Italy"
"500",1989-12-31,125099.94,"ITA","Italy"
"501",1988-12-31,118403.21,"ITA","Italy"
"502",1987-12-31,113093.03,"ITA","Italy"
"503",1986-12-31,105413.88,"ITA","Italy"
"504",1985-12-31,98512.3,"ITA","Italy"
"505",1984-12-31,93443.19,"ITA","Italy"
"506",1983-12-31,89371.37,"ITA","Italy"
"507",1982-12-31,90399.47,"ITA","Italy"
"508",1981-12-31,91542.45,"ITA","Italy"
"509",1980-12-31,94150.49,"ITA","Italy"
"510",1979-12-31,90943.78,"ITA","Italy"
"511",1978-12-31,84473.44,"ITA","Italy"
"512",1977-12-31,82089.26,"ITA","Italy"
"513",1976-12-31,83210.21,"ITA","Italy"
"514",1975-12-31,79142.16,"ITA","Italy"
"515",1974-12-31,83844.88,"ITA","Italy"
"516",2010-12-31,21451.24,"JPN","Japan"
"517",2009-12-31,21440.43,"JPN","Japan"
"518",2008-12-31,22754.77,"JPN","Japan"
"519",2007-12-31,23186.19,"JPN","Japan"
"520",2006-12-31,23073.33,"JPN","Japan"
"521",2005-12-31,22569.27,"JPN","Japan"
"522",2004-12-31,22002.04,"JPN","Japan"
"523",2003-12-31,21475.68,"JPN","Japan"
"524",2002-12-31,21244.26,"JPN","Japan"
"525",2001-12-31,21805.65,"JPN","Japan"
"526",2000-12-31,21682.2,"JPN","Japan"
"527",1999-12-31,20695.29,"JPN","Japan"
"528",1998-12-31,20725.23,"JPN","Japan"
"529",1997-12-31,20626.34,"JPN","Japan"
"530",1996-12-31,20987.03,"JPN","Japan"
"531",1995-12-31,20832.61,"JPN","Japan"
"532",1994-12-31,20567.71,"JPN","Japan"
"533",1993-12-31,20966.2,"JPN","Japan"
"534",1992-12-31,21333.69,"JPN","Japan"
"535",1991-12-31,22562.55,"JPN","Japan"
"536",1990-12-31,23367.82,"JPN","Japan"
"537",1989-12-31,22029.51,"JPN","Japan"
"538",1988-12-31,20503.21,"JPN","Japan"
"539",1987-12-31,19937.67,"JPN","Japan"
"540",1986-12-31,18586.29,"JPN","Japan"
"541",1985-12-31,17817.97,"JPN","Japan"
"542",1984-12-31,17351.86,"JPN","Japan"
"543",1983-12-31,17120.35,"JPN","Japan"
"544",1982-12-31,17116.79,"JPN","Japan"
"545",1981-12-31,17205.06,"JPN","Japan"
"546",1980-12-31,17320.26,"JPN","Japan"
"547",1979-12-31,17607.49,"JPN","Japan"
"548",1978-12-31,16434.21,"JPN","Japan"
"549",1977-12-31,15641.7,"JPN","Japan"
"550",1976-12-31,15834.85,"JPN","Japan"
"551",1975-12-31,16287.28,"JPN","Japan"
"552",1974-12-31,16539.58,"JPN","Japan"
"553",1973-12-31,17641,"JPN","Japan"
"554",1972-12-31,16939.61,"JPN","Japan"
"555",1971-12-31,16118.45,"JPN","Japan"
"556",1970-12-31,14883.47,"JPN","Japan"
"557",1969-12-31,13833.83,"JPN","Japan"
"558",1968-12-31,12184.77,"JPN","Japan"
"559",1967-12-31,11180.1,"JPN","Japan"
"560",1966-12-31,10369.92,"JPN","Japan"
"561",1965-12-31,10064.89,"JPN","Japan"
"562",1964-12-31,10320.55,"JPN","Japan"
"563",1963-12-31,9665.15,"JPN","Japan"
"564",1962-12-31,9350.57,"JPN","Japan"
"565",1961-12-31,8700.37,"JPN","Japan"
"566",1960-12-31,7456.53,"JPN","Japan"
"567",1959-12-31,6686.04,"JPN","Japan"
"568",1958-12-31,5953.78,"JPN","Japan"
"569",1957-12-31,5680.45,"JPN","Japan"
"570",1956-12-31,5166.65,"JPN","Japan"
"571",1955-12-31,4442.75,"JPN","Japan"
"572",1954-12-31,4288.03,"JPN","Japan"
"573",1953-12-31,4363,"JPN","Japan"
"574",1952-12-31,4307.75,"JPN","Japan"
"575",1951-12-31,3848.98,"JPN","Japan"
"576",1950-12-31,3664.22,"JPN","Japan"
"577",1949-12-31,3521.72,"JPN","Japan"
"578",1948-12-31,3096.56,"JPN","Japan"
"579",1947-12-31,2744,"JPN","Japan"
"580",1945-12-31,1901.51,"JPN","Japan"
"581",1944-12-31,6174.7,"JPN","Japan"
"582",1943-12-31,8189.03,"JPN","Japan"
"583",1942-12-31,9306.49,"JPN","Japan"
"584",1941-12-31,10890.32,"JPN","Japan"
"585",1940-12-31,10500.42,"JPN","Japan"
"586",1939-12-31,12290.85,"JPN","Japan"
"587",1938-12-31,13308.25,"JPN","Japan"
"588",1937-12-31,12617.78,"JPN","Japan"
"589",1936-12-31,11676.61,"JPN","Japan"
"590",1935-12-31,11298.78,"JPN","Japan"
"591",1934-12-31,10725.2,"JPN","Japan"
"592",1933-12-31,10236.26,"JPN","Japan"
"593",1932-12-31,9541.16,"JPN","Japan"
"594",1931-12-31,9118.9,"JPN","Japan"
"595",1930-12-31,8931.6,"JPN","Japan"
"596",1929-12-31,9494.44,"JPN","Japan"
"597",1928-12-31,9677.94,"JPN","Japan"
"598",1927-12-31,9156.59,"JPN","Japan"
"599",1926-12-31,9283.67,"JPN","Japan"
"600",1925-12-31,9032.7,"JPN","Japan"
"601",1924-12-31,9319.45,"JPN","Japan"
"602",1923-12-31,9248.41,"JPN","Japan"
"603",1922-12-31,9567.94,"JPN","Japan"
"604",1921-12-31,8805,"JPN","Japan"
"605",1920-12-31,8234.92,"JPN","Japan"
"606",1919-12-31,7946.03,"JPN","Japan"
"607",1918-12-31,8660.86,"JPN","Japan"
"608",1917-12-31,8969.81,"JPN","Japan"
"609",1916-12-31,8391.31,"JPN","Japan"
"610",1915-12-31,7513.83,"JPN","Japan"
"611",1914-12-31,6351.88,"JPN","Japan"
"612",1913-12-31,5943.12,"JPN","Japan"
"613",1912-12-31,5999.77,"JPN","Japan"
"614",1911-12-31,6060.04,"JPN","Japan"
"615",1910-12-31,6041.96,"JPN","Japan"
"616",1909-12-31,5859.25,"JPN","Japan"
"617",1908-12-31,5707.57,"JPN","Japan"
"618",1907-12-31,5400.98,"JPN","Japan"
"619",1906-12-31,5359.56,"JPN","Japan"
"620",1905-12-31,5244.21,"JPN","Japan"
"621",1904-12-31,5121.99,"JPN","Japan"
"622",1903-12-31,4866.11,"JPN","Japan"
"623",1902-12-31,4921.15,"JPN","Japan"
"624",1901-12-31,4820.51,"JPN","Japan"
"625",1900-12-31,4476.54,"JPN","Japan"
"626",1899-12-31,4767.97,"JPN","Japan"
"627",1898-12-31,3787.33,"JPN","Japan"
"628",1897-12-31,3371.98,"JPN","Japan"
"629",1896-12-31,3471.14,"JPN","Japan"
"630",1895-12-31,3481.76,"JPN","Japan"
"631",1894-12-31,3415.5,"JPN","Japan"
"632",1893-12-31,3345.01,"JPN","Japan"
"633",1892-12-31,3253.02,"JPN","Japan"
"634",1891-12-31,2871.38,"JPN","Japan"
"635",1890-12-31,2746.48,"JPN","Japan"
"636",1889-12-31,2900.92,"JPN","Japan"
"637",1888-12-31,3058.52,"JPN","Japan"
"638",1887-12-31,3183.57,"JPN","Japan"
"639",1886-12-31,3204.7,"JPN","Japan"
"640",2012-12-31,220059.91,"KOR","Korea"
"641",2011-12-31,220011.12,"KOR","Korea"
"642",2010-12-31,210272.79,"KOR","Korea"
"643",2009-12-31,198091.99,"KOR","Korea"
"644",2008-12-31,200795.72,"KOR","Korea"
"645",2007-12-31,202861.89,"KOR","Korea"
"646",2006-12-31,190129.63,"KOR","Korea"
"647",2005-12-31,171634.76,"KOR","Korea"
"648",2004-12-31,161785.95,"KOR","Korea"
"649",2003-12-31,152274.81,"KOR","Korea"
"650",2002-12-31,151114.12,"KOR","Korea"
"651",2001-12-31,139468.55,"KOR","Korea"
"652",2000-12-31,134065.21,"KOR","Korea"
"653",1999-12-31,119809.58,"KOR","Korea"
"654",1998-12-31,103938.48,"KOR","Korea"
"655",1997-12-31,125239.01,"KOR","Korea"
"656",1996-12-31,120642.03,"KOR","Korea"
"657",1995-12-31,106768.59,"KOR","Korea"
"658",1985-12-31,51147.59,"KOR","Korea"
"659",1984-12-31,49483.91,"KOR","Korea"
"660",1983-12-31,45649.82,"KOR","Korea"
"661",1982-12-31,42037.45,"KOR","Korea"
"662",1981-12-31,39645.7,"KOR","Korea"
"663",1980-12-31,41326.81,"KOR","Korea"
"664",1979-12-31,45490.1,"KOR","Korea"
"665",1940-12-31,30126.2,"KOR","Korea"
"666",1939-12-31,25592.07,"KOR","Korea"
"667",1938-12-31,30302.63,"KOR","Korea"
"668",1937-12-31,29322.1,"KOR","Korea"
"669",1936-12-31,26655.02,"KOR","Korea"
"670",1935-12-31,27721.36,"KOR","Korea"
"671",1934-12-31,27143.94,"KOR","Korea"
"672",1933-12-31,28558.4,"KOR","Korea"
"673",2012-12-31,354931.37,"MYS","Malaysia"
"674",2011-12-31,343933.55,"MYS","Malaysia"
"675",2010-12-31,344116.9,"MYS","Malaysia"
"676",2009-12-31,321097.13,"MYS","Malaysia"
"677",2005-12-31,298704.39,"MYS","Malaysia"
"678",2003-12-31,267847.3,"MYS","Malaysia"
"679",2002-12-31,240322.38,"MYS","Malaysia"
"680",2001-12-31,206078.9,"MYS","Malaysia"
"681",2000-12-31,226410.37,"MYS","Malaysia"
"682",1995-12-31,220188.86,"MYS","Malaysia"
"683",1994-12-31,210472.31,"MYS","Malaysia"
"684",1993-12-31,204452.01,"MYS","Malaysia"
"685",1988-12-31,131725.51,"MYS","Malaysia"
"686",1986-12-31,133452.69,"MYS","Malaysia"
"687",1985-12-31,141019.84,"MYS","Malaysia"
"688",1984-12-31,137997.06,"MYS","Malaysia"
"689",1983-12-31,122672.7,"MYS","Malaysia"
"690",1975-12-31,103688.88,"MYS","Malaysia"
"691",1974-12-31,103719.26,"MYS","Malaysia"
"692",1973-12-31,118403.66,"MYS","Malaysia"
"693",1972-12-31,114419.13,"MYS","Malaysia"
"694",1971-12-31,111081.1,"MYS","Malaysia"
"695",1970-12-31,109566.02,"MYS","Malaysia"
"696",1969-12-31,110692.06,"MYS","Malaysia"
"697",1968-12-31,104021.93,"MYS","Malaysia"
"698",1967-12-31,95088.33,"MYS","Malaysia"
"699",1966-12-31,99193.36,"MYS","Malaysia"
"700",1965-12-31,118173.36,"MYS","Malaysia"
"701",1964-12-31,103902.75,"MYS","Malaysia"
"702",1963-12-31,98054.15,"MYS","Malaysia"
"703",1962-12-31,94651.31,"MYS","Malaysia"
"704",1961-12-31,99102.34,"MYS","Malaysia"
"705",1960-12-31,93392.86,"MYS","Malaysia"
"706",1959-12-31,85792.41,"MYS","Malaysia"
"707",1958-12-31,78139.66,"MYS","Malaysia"
"708",1957-12-31,80815.15,"MYS","Malaysia"
"709",1956-12-31,83309.47,"MYS","Malaysia"
"710",1955-12-31,82271.5,"MYS","Malaysia"
"711",1951-12-31,83354.92,"MYS","Malaysia"
"712",2011-12-31,2950615.17,"MUS","Mauritius"
"713",2010-12-31,2781319.11,"MUS","Mauritius"
"714",2008-12-31,2805459.08,"MUS","Mauritius"
"715",2007-12-31,2621533.78,"MUS","Mauritius"
"716",2006-12-31,2310495.59,"MUS","Mauritius"
"717",2005-12-31,1868883.58,"MUS","Mauritius"
"718",2004-12-31,1903399.12,"MUS","Mauritius"
"719",2003-12-31,1816932.17,"MUS","Mauritius"
"720",2002-12-31,1305698.74,"MUS","Mauritius"
"721",2001-12-31,1595768.87,"MUS","Mauritius"
"722",1998-12-31,1421318.86,"MUS","Mauritius"
"723",1997-12-31,1350832.35,"MUS","Mauritius"
"724",1996-12-31,1288140.41,"MUS","Mauritius"
"725",1995-12-31,1285193.3,"MUS","Mauritius"
"726",1994-12-31,1266132.16,"MUS","Mauritius"
"727",1993-12-31,1202449.18,"MUS","Mauritius"
"728",1991-12-31,1285282.69,"MUS","Mauritius"
"729",1990-12-31,1117135.37,"MUS","Mauritius"
"730",1989-12-31,1087918.93,"MUS","Mauritius"
"731",1988-12-31,920446.43,"MUS","Mauritius"
"732",1987-12-31,1059279.79,"MUS","Mauritius"
"733",1986-12-31,907998.36,"MUS","Mauritius"
"734",1985-12-31,763844.07,"MUS","Mauritius"
"735",1984-12-31,687326.68,"MUS","Mauritius"
"736",1983-12-31,723308.33,"MUS","Mauritius"
"737",1982-12-31,743298.44,"MUS","Mauritius"
"738",1981-12-31,780885.11,"MUS","Mauritius"
"739",1980-12-31,848445.88,"MUS","Mauritius"
"740",1979-12-31,956030.43,"MUS","Mauritius"
"741",1978-12-31,1150732.65,"MUS","Mauritius"
"742",1977-12-31,1195224.8,"MUS","Mauritius"
"743",1976-12-31,1308426.8,"MUS","Mauritius"
"744",1975-12-31,1430907.76,"MUS","Mauritius"
"745",1972-12-31,1048630.59,"MUS","Mauritius"
"746",1971-12-31,977409.78,"MUS","Mauritius"
"747",1970-12-31,983894.49,"MUS","Mauritius"
"748",1969-12-31,885126.86,"MUS","Mauritius"
"749",1968-12-31,810493.81,"MUS","Mauritius"
"750",1967-12-31,938683.67,"MUS","Mauritius"
"751",1966-12-31,937100.48,"MUS","Mauritius"
"752",1965-12-31,996526.23,"MUS","Mauritius"
"753",1964-12-31,1100434.53,"MUS","Mauritius"
"754",1963-12-31,1423906.68,"MUS","Mauritius"
"755",1962-12-31,1083494.76,"MUS","Mauritius"
"756",1961-12-31,1124942.33,"MUS","Mauritius"
"757",1960-12-31,1051576.93,"MUS","Mauritius"
"758",1959-12-31,1064543.23,"MUS","Mauritius"
"759",1958-12-31,1031840.98,"MUS","Mauritius"
"760",1957-12-31,1056542.29,"MUS","Mauritius"
"761",1956-12-31,1057506.27,"MUS","Mauritius"
"762",1955-12-31,1017301.49,"MUS","Mauritius"
"763",1954-12-31,1032960.85,"MUS","Mauritius"
"764",1953-12-31,1088231.7,"MUS","Mauritius"
"765",1952-12-31,1046785.93,"MUS","Mauritius"
"766",1949-12-31,888712.08,"MUS","Mauritius"
"767",1948-12-31,898894.76,"MUS","Mauritius"
"768",1947-12-31,1016584.19,"MUS","Mauritius"
"769",1999-12-31,341934.39,"NLD","Netherlands"
"770",1998-12-31,327528.16,"NLD","Netherlands"
"771",1997-12-31,330814.28,"NLD","Netherlands"
"772",1996-12-31,325223.98,"NLD","Netherlands"
"773",1995-12-31,324663.81,"NLD","Netherlands"
"774",1994-12-31,319670,"NLD","Netherlands"
"775",1993-12-31,321833.36,"NLD","Netherlands"
"776",1992-12-31,344873.98,"NLD","Netherlands"
"777",1991-12-31,343671.22,"NLD","Netherlands"
"778",1990-12-31,341224.59,"NLD","Netherlands"
"779",1989-12-31,313890.69,"NLD","Netherlands"
"780",1985-12-31,286730.4,"NLD","Netherlands"
"781",1981-12-31,315583.76,"NLD","Netherlands"
"782",1977-12-31,340020.54,"NLD","Netherlands"
"783",1975-12-31,328636.2,"NLD","Netherlands"
"784",1973-12-31,352306.19,"NLD","Netherlands"
"785",1970-12-31,413031.75,"NLD","Netherlands"
"786",1967-12-31,383359.16,"NLD","Netherlands"
"787",1966-12-31,353083.56,"NLD","Netherlands"
"788",1964-12-31,353689.17,"NLD","Netherlands"
"789",1962-12-31,323876.3,"NLD","Netherlands"
"790",1959-12-31,275852.58,"NLD","Netherlands"
"791",1958-12-31,291019.26,"NLD","Netherlands"
"792",1957-12-31,262216.42,"NLD","Netherlands"
"793",1953-12-31,224925.94,"NLD","Netherlands"
"794",1952-12-31,227123.86,"NLD","Netherlands"
"795",1950-12-31,214933.63,"NLD","Netherlands"
"796",1946-12-31,193756.01,"NLD","Netherlands"
"797",1941-12-31,256074.57,"NLD","Netherlands"
"798",1939-12-31,265733.46,"NLD","Netherlands"
"799",1938-12-31,255070.26,"NLD","Netherlands"
"800",1937-12-31,259022.31,"NLD","Netherlands"
"801",1936-12-31,239967.92,"NLD","Netherlands"
"802",1935-12-31,216452.84,"NLD","Netherlands"
"803",1934-12-31,220070.41,"NLD","Netherlands"
"804",1933-12-31,235191.73,"NLD","Netherlands"
"805",1932-12-31,244549.87,"NLD","Netherlands"
"806",1931-12-31,269622.87,"NLD","Netherlands"
"807",1930-12-31,310079.32,"NLD","Netherlands"
"808",1929-12-31,326883.26,"NLD","Netherlands"
"809",1928-12-31,331782.34,"NLD","Netherlands"
"810",1927-12-31,319794.21,"NLD","Netherlands"
"811",1926-12-31,310610.94,"NLD","Netherlands"
"812",1925-12-31,294573.72,"NLD","Netherlands"
"813",1924-12-31,287375.67,"NLD","Netherlands"
"814",1923-12-31,271648.28,"NLD","Netherlands"
"815",1922-12-31,276812.96,"NLD","Netherlands"
"816",1921-12-31,285779.99,"NLD","Netherlands"
"817",1920-12-31,296913.64,"NLD","Netherlands"
"818",1919-12-31,339557.51,"NLD","Netherlands"
"819",1918-12-31,268139.72,"NLD","Netherlands"
"820",1917-12-31,340864.19,"NLD","Netherlands"
"821",1916-12-31,375321.81,"NLD","Netherlands"
"822",1915-12-31,351516.7,"NLD","Netherlands"
"823",1914-12-31,282967.71,"NLD","Netherlands"
"824",2011-12-31,2492342.37,"NOR","Norway"
"825",2010-12-31,2400937.68,"NOR","Norway"
"826",2009-12-31,2202911.11,"NOR","Norway"
"827",2008-12-31,2409948.11,"NOR","Norway"
"828",2007-12-31,2550704.35,"NOR","Norway"
"829",2006-12-31,2169011.44,"NOR","Norway"
"830",2005-12-31,4758047.91,"NOR","Norway"
"831",2004-12-31,3196642.6,"NOR","Norway"
"832",2003-12-31,2802536.12,"NOR","Norway"
"833",2002-12-31,2544612.76,"NOR","Norway"
"834",2001-12-31,1840942.52,"NOR","Norway"
"835",2000-12-31,2544138.62,"NOR","Norway"
"836",1999-12-31,1994159.09,"NOR","Norway"
"837",1998-12-31,1844779,"NOR","Norway"
"838",1997-12-31,1863048.41,"NOR","Norway"
"839",1996-12-31,1673432.27,"NOR","Norway"
"840",1995-12-31,1496239.8,"NOR","Norway"
"841",1994-12-31,1475656.44,"NOR","Norway"
"842",1993-12-31,1382016.35,"NOR","Norway"
"843",1992-12-31,1056592,"NOR","Norway"
"844",1991-12-31,842594.34,"NOR","Norway"
"845",1990-12-31,819262.97,"NOR","Norway"
"846",1989-12-31,783657.36,"NOR","Norway"
"847",1988-12-31,827542.83,"NOR","Norway"
"848",1987-12-31,841132.5,"NOR","Norway"
"849",1986-12-31,807849.18,"NOR","Norway"
"850",1985-12-31,786315.02,"NOR","Norway"
"851",1984-12-31,752544.87,"NOR","Norway"
"852",1983-12-31,734392.64,"NOR","Norway"
"853",1982-12-31,732553.01,"NOR","Norway"
"854",1981-12-31,740112.99,"NOR","Norway"
"855",1980-12-31,764663.08,"NOR","Norway"
"856",1979-12-31,798870.86,"NOR","Norway"
"857",1978-12-31,794712.63,"NOR","Norway"
"858",1977-12-31,789309.4,"NOR","Norway"
"859",1976-12-31,782977.01,"NOR","Norway"
"860",1975-12-31,772152.6,"NOR","Norway"
"861",1974-12-31,761280.58,"NOR","Norway"
"862",1973-12-31,753157.72,"NOR","Norway"
"863",1972-12-31,735746.81,"NOR","Norway"
"864",1971-12-31,743140.67,"NOR","Norway"
"865",1970-12-31,712996.29,"NOR","Norway"
"866",1969-12-31,712162.2,"NOR","Norway"
"867",1968-12-31,668770.35,"NOR","Norway"
"868",1967-12-31,643534.08,"NOR","Norway"
"869",1966-12-31,639806.69,"NOR","Norway"
"870",1965-12-31,619869,"NOR","Norway"
"871",1964-12-31,616854.17,"NOR","Norway"
"872",1963-12-31,610144.57,"NOR","Norway"
"873",1962-12-31,598435.99,"NOR","Norway"
"874",1961-12-31,608768.09,"NOR","Norway"
"875",1960-12-31,594164.15,"NOR","Norway"
"876",1959-12-31,600830.16,"NOR","Norway"
"877",1958-12-31,611027.87,"NOR","Norway"
"878",1957-12-31,668117.7,"NOR","Norway"
"879",1955-12-31,553441.79,"NOR","Norway"
"880",1954-12-31,507288.01,"NOR","Norway"
"881",1953-12-31,513575.6,"NOR","Norway"
"882",1952-12-31,493322.25,"NOR","Norway"
"883",1951-12-31,580775.63,"NOR","Norway"
"884",1950-12-31,597388.38,"NOR","Norway"
"885",1949-12-31,595788.74,"NOR","Norway"
"886",1948-12-31,574821.42,"NOR","Norway"
"887",1938-12-31,599992.68,"NOR","Norway"
"888",1929-12-31,528067.32,"NOR","Norway"
"889",1913-12-31,431394.1,"NOR","Norway"
"890",1910-12-31,345097.93,"NOR","Norway"
"891",1906-12-31,538508.06,"NOR","Norway"
"892",1903-12-31,563143.55,"NOR","Norway"
"893",1902-12-31,569689.2,"NOR","Norway"
"894",1901-12-31,569061.46,"NOR","Norway"
"895",1900-12-31,587656.86,"NOR","Norway"
"896",1899-12-31,598668.67,"NOR","Norway"
"897",1898-12-31,604124.16,"NOR","Norway"
"898",1897-12-31,592972.13,"NOR","Norway"
"899",1896-12-31,564260.26,"NOR","Norway"
"900",1895-12-31,569473,"NOR","Norway"
"901",1894-12-31,562219.48,"NOR","Norway"
"902",1893-12-31,540544.89,"NOR","Norway"
"903",1892-12-31,532518.98,"NOR","Norway"
"904",1888-12-31,520075.73,"NOR","Norway"
"905",1875-12-31,433080.18,"NOR","Norway"
"906",2005-12-31,142703.47,"PRT","Portugal"
"907",2004-12-31,140329.8,"PRT","Portugal"
"908",2003-12-31,133213.66,"PRT","Portugal"
"909",2002-12-31,134499.89,"PRT","Portugal"
"910",2001-12-31,142499.29,"PRT","Portugal"
"911",2000-12-31,131386.37,"PRT","Portugal"
"912",1999-12-31,129715.09,"PRT","Portugal"
"913",1998-12-31,118381.91,"PRT","Portugal"
"914",1997-12-31,113803.59,"PRT","Portugal"
"915",1996-12-31,105570.74,"PRT","Portugal"
"916",1995-12-31,98549.77,"PRT","Portugal"
"917",1994-12-31,96265.04,"PRT","Portugal"
"918",1993-12-31,94115.97,"PRT","Portugal"
"919",1992-12-31,92986.87,"PRT","Portugal"
"920",1991-12-31,89020.54,"PRT","Portugal"
"921",1990-12-31,82214.11,"PRT","Portugal"
"922",1989-12-31,74679.25,"PRT","Portugal"
"923",1982-12-31,47594.63,"PRT","Portugal"
"924",1981-12-31,40483.15,"PRT","Portugal"
"925",1980-12-31,44543.57,"PRT","Portugal"
"926",1979-12-31,44301.05,"PRT","Portugal"
"927",1978-12-31,55943.39,"PRT","Portugal"
"928",1977-12-31,61682.39,"PRT","Portugal"
"929",1976-12-31,76696.67,"PRT","Portugal"
"930",2012-12-31,751232.71,"SGP","Singapore"
"931",2011-12-31,780568.25,"SGP","Singapore"
"932",2010-12-31,784318.88,"SGP","Singapore"
"933",2009-12-31,723790.58,"SGP","Singapore"
"934",2008-12-31,799122.58,"SGP","Singapore"
"935",2007-12-31,881698.16,"SGP","Singapore"
"936",2006-12-31,764558.63,"SGP","Singapore"
"937",2005-12-31,690660.9,"SGP","Singapore"
"938",2004-12-31,640983.31,"SGP","Singapore"
"939",2003-12-31,624059.1,"SGP","Singapore"
"940",2002-12-31,617585.86,"SGP","Singapore"
"941",2001-12-31,621962.6,"SGP","Singapore"
"942",2000-12-31,619325.27,"SGP","Singapore"
"943",1999-12-31,558356.71,"SGP","Singapore"
"944",1998-12-31,506875.66,"SGP","Singapore"
"945",1997-12-31,482054.1,"SGP","Singapore"
"946",1996-12-31,447580.46,"SGP","Singapore"
"947",1995-12-31,420654.23,"SGP","Singapore"
"948",1994-12-31,408287.92,"SGP","Singapore"
"949",1993-12-31,387659.84,"SGP","Singapore"
"950",1991-12-31,340821.97,"SGP","Singapore"
"951",1990-12-31,334898.47,"SGP","Singapore"
"952",1989-12-31,313104.02,"SGP","Singapore"
"953",1988-12-31,276017.39,"SGP","Singapore"
"954",1987-12-31,262324.89,"SGP","Singapore"
"955",1986-12-31,227229.36,"SGP","Singapore"
"956",1985-12-31,234174.81,"SGP","Singapore"
"957",1984-12-31,234671.49,"SGP","Singapore"
"958",1983-12-31,229453.51,"SGP","Singapore"
"959",1982-12-31,213662.29,"SGP","Singapore"
"960",1981-12-31,194796.86,"SGP","Singapore"
"961",1980-12-31,180203.23,"SGP","Singapore"
"962",1979-12-31,174405.39,"SGP","Singapore"
"963",1978-12-31,157377,"SGP","Singapore"
"964",1977-12-31,157397.73,"SGP","Singapore"
"965",1976-12-31,158360.41,"SGP","Singapore"
"966",1975-12-31,150295.97,"SGP","Singapore"
"967",1974-12-31,143160.79,"SGP","Singapore"
"968",1973-12-31,168469.7,"SGP","Singapore"
"969",1972-12-31,162639.93,"SGP","Singapore"
"970",1971-12-31,143444.24,"SGP","Singapore"
"971",1970-12-31,132811.32,"SGP","Singapore"
"972",1969-12-31,119637.34,"SGP","Singapore"
"973",1968-12-31,113665.82,"SGP","Singapore"
"974",1967-12-31,103533.39,"SGP","Singapore"
"975",1966-12-31,99009.62,"SGP","Singapore"
"976",1965-12-31,98298.61,"SGP","Singapore"
"977",1964-12-31,109904.82,"SGP","Singapore"
"978",1963-12-31,103382.16,"SGP","Singapore"
"979",1962-12-31,99998.55,"SGP","Singapore"
"980",1961-12-31,97859.54,"SGP","Singapore"
"981",1960-12-31,92797.3,"SGP","Singapore"
"982",1959-12-31,105156.82,"SGP","Singapore"
"983",1958-12-31,98180.19,"SGP","Singapore"
"984",1957-12-31,104000.89,"SGP","Singapore"
"985",1956-12-31,110886.56,"SGP","Singapore"
"986",1954-12-31,108901.53,"SGP","Singapore"
"987",1953-12-31,102920.74,"SGP","Singapore"
"988",1952-12-31,108773.11,"SGP","Singapore"
"989",1951-12-31,116880.89,"SGP","Singapore"
"990",1950-12-31,124653.23,"SGP","Singapore"
"991",1949-12-31,102844.83,"SGP","Singapore"
"992",1948-12-31,94887.21,"SGP","Singapore"
"993",2012-12-31,141059,"ESP","Spain"
"994",2011-12-31,141059,"ESP","Spain"
"995",2010-12-31,141059,"ESP","Spain"
"996",2009-12-31,150839.18,"ESP","Spain"
"997",2008-12-31,154855.01,"ESP","Spain"
"998",2007-12-31,158273.38,"ESP","Spain"
"999",2006-12-31,155170.99,"ESP","Spain"
"1000",2005-12-31,145517.91,"ESP","Spain"
"1001",2004-12-31,140379.38,"ESP","Spain"
"1002",2003-12-31,137026.38,"ESP","Spain"
"1003",2002-12-31,133758.31,"ESP","Spain"
"1004",2001-12-31,135426.16,"ESP","Spain"
"1005",2000-12-31,132026.97,"ESP","Spain"
"1006",1999-12-31,125678.53,"ESP","Spain"
"1007",1998-12-31,115354.33,"ESP","Spain"
"1008",1997-12-31,110775.39,"ESP","Spain"
"1009",1996-12-31,109376.91,"ESP","Spain"
"1010",1995-12-31,108331.83,"ESP","Spain"
"1011",1994-12-31,107300.3,"ESP","Spain"
"1012",1993-12-31,110860.35,"ESP","Spain"
"1013",1992-12-31,116935.15,"ESP","Spain"
"1014",1991-12-31,115229.26,"ESP","Spain"
"1015",1990-12-31,114264.21,"ESP","Spain"
"1016",1989-12-31,107863.23,"ESP","Spain"
"1017",1988-12-31,102501.32,"ESP","Spain"
"1018",1987-12-31,97479.92,"ESP","Spain"
"1019",1986-12-31,90858.73,"ESP","Spain"
"1020",1985-12-31,83275.21,"ESP","Spain"
"1021",1984-12-31,80710.22,"ESP","Spain"
"1022",1983-12-31,82974.67,"ESP","Spain"
"1023",1982-12-31,85296.65,"ESP","Spain"
"1024",1981-12-31,85858.09,"ESP","Spain"
"1025",2012-12-31,1781371.47,"SWE","Sweden"
"1026",2011-12-31,1706200.58,"SWE","Sweden"
"1027",2010-12-31,1679319.35,"SWE","Sweden"
"1028",2009-12-31,1623243.55,"SWE","Sweden"
"1029",2008-12-31,1723818.51,"SWE","Sweden"
"1030",2007-12-31,1643134.62,"SWE","Sweden"
"1031",2006-12-31,1541975.08,"SWE","Sweden"
"1032",2005-12-31,1430087.18,"SWE","Sweden"
"1033",2004-12-31,1269019.99,"SWE","Sweden"
"1034",2003-12-31,1199310.76,"SWE","Sweden"
"1035",2002-12-31,1216238.59,"SWE","Sweden"
"1036",2001-12-31,1263056.99,"SWE","Sweden"
"1037",2000-12-31,1244755.03,"SWE","Sweden"
"1038",1999-12-31,1205247.62,"SWE","Sweden"
"1039",1998-12-31,1122546.04,"SWE","Sweden"
"1040",1997-12-31,1046844.2,"SWE","Sweden"
"1041",1996-12-31,988666.57,"SWE","Sweden"
"1042",1995-12-31,894604.98,"SWE","Sweden"
"1043",1994-12-31,930952.78,"SWE","Sweden"
"1044",1993-12-31,865468.52,"SWE","Sweden"
"1045",1992-12-31,847215.36,"SWE","Sweden"
"1046",1991-12-31,854536.54,"SWE","Sweden"
"1047",1990-12-31,739021.71,"SWE","Sweden"
"1048",1989-12-31,749532.81,"SWE","Sweden"
"1049",1988-12-31,707891.1,"SWE","Sweden"
"1050",1987-12-31,671049.85,"SWE","Sweden"
"1051",1986-12-31,621191.28,"SWE","Sweden"
"1052",1985-12-31,602170.74,"SWE","Sweden"
"1053",1984-12-31,594047.76,"SWE","Sweden"
"1054",1983-12-31,582369.91,"SWE","Sweden"
"1055",1982-12-31,574825.31,"SWE","Sweden"
"1056",1981-12-31,578564.73,"SWE","Sweden"
"1057",1980-12-31,607848.44,"SWE","Sweden"
"1058",1979-12-31,651541.5,"SWE","Sweden"
"1059",1978-12-31,672313.69,"SWE","Sweden"
"1060",1977-12-31,699903.06,"SWE","Sweden"
"1061",1976-12-31,739771.34,"SWE","Sweden"
"1062",1975-12-31,772405.37,"SWE","Sweden"
"1063",1974-12-31,757497.89,"SWE","Sweden"
"1064",1973-12-31,751323.16,"SWE","Sweden"
"1065",1972-12-31,764481.19,"SWE","Sweden"
"1066",1971-12-31,768029,"SWE","Sweden"
"1067",1970-12-31,819566.39,"SWE","Sweden"
"1068",1969-12-31,843174.78,"SWE","Sweden"
"1069",1968-12-31,844224.04,"SWE","Sweden"
"1070",1967-12-31,823746.84,"SWE","Sweden"
"1071",1966-12-31,779652.02,"SWE","Sweden"
"1072",1965-12-31,784417.86,"SWE","Sweden"
"1073",1964-12-31,767752.79,"SWE","Sweden"
"1074",1963-12-31,748980.28,"SWE","Sweden"
"1075",1962-12-31,722070.56,"SWE","Sweden"
"1076",1961-12-31,711468.06,"SWE","Sweden"
"1077",1960-12-31,687461.54,"SWE","Sweden"
"1078",1959-12-31,676409.73,"SWE","Sweden"
"1079",1958-12-31,642389.25,"SWE","Sweden"
"1080",1957-12-31,651238.74,"SWE","Sweden"
"1081",1956-12-31,643808.6,"SWE","Sweden"
"1082",1955-12-31,646845.3,"SWE","Sweden"
"1083",1954-12-31,622145.85,"SWE","Sweden"
"1084",1953-12-31,595238.16,"SWE","Sweden"
"1085",1952-12-31,576739.86,"SWE","Sweden"
"1086",1951-12-31,580434.54,"SWE","Sweden"
"1087",1950-12-31,693640.95,"SWE","Sweden"
"1088",1949-12-31,677748.11,"SWE","Sweden"
"1089",1948-12-31,679653.11,"SWE","Sweden"
"1090",1947-12-31,707220.53,"SWE","Sweden"
"1091",1946-12-31,773434.34,"SWE","Sweden"
"1092",1945-12-31,655535.98,"SWE","Sweden"
"1093",1944-12-31,619617.56,"SWE","Sweden"
"1094",1943-12-31,607219.14,"SWE","Sweden"
"1095",1941-12-31,546002.68,"SWE","Sweden"
"1096",1935-12-31,615614.56,"SWE","Sweden"
"1097",1934-12-31,574268.24,"SWE","Sweden"
"1098",1930-12-31,661791.19,"SWE","Sweden"
"1099",1920-12-31,547684.98,"SWE","Sweden"
"1100",1919-12-31,569434.03,"SWE","Sweden"
"1101",1916-12-31,966710.21,"SWE","Sweden"
"1102",1912-12-31,708994.47,"SWE","Sweden"
"1103",1911-12-31,655986.13,"SWE","Sweden"
"1104",1907-12-31,668395.77,"SWE","Sweden"
"1105",1903-12-31,752490.35,"SWE","Sweden"
"1106",2010-12-31,712661.66,"CHE","Switzerland"
"1107",2009-12-31,707570.92,"CHE","Switzerland"
"1108",2008-12-31,731801.48,"CHE","Switzerland"
"1109",2007-12-31,736736.81,"CHE","Switzerland"
"1110",2006-12-31,672415.65,"CHE","Switzerland"
"1111",2005-12-31,642187.64,"CHE","Switzerland"
"1112",2004-12-31,632190.49,"CHE","Switzerland"
"1113",2003-12-31,618021.94,"CHE","Switzerland"
"1114",2002-12-31,613095.42,"CHE","Switzerland"
"1115",2001-12-31,660576.11,"CHE","Switzerland"
"1116",2000-12-31,686019.1,"CHE","Switzerland"
"1117",1999-12-31,677289.49,"CHE","Switzerland"
"1118",1998-12-31,599598.09,"CHE","Switzerland"
"1119",1997-12-31,578281.09,"CHE","Switzerland"
"1120",1996-12-31,568544.81,"CHE","Switzerland"
"1121",1995-12-31,563798.15,"CHE","Switzerland"
"1122",1993-12-31,553262.09,"CHE","Switzerland"
"1123",1991-12-31,588140.69,"CHE","Switzerland"
"1124",1989-12-31,620337.77,"CHE","Switzerland"
"1125",1987-12-31,589914.29,"CHE","Switzerland"
"1126",1985-12-31,576627.22,"CHE","Switzerland"
"1127",1983-12-31,543639.56,"CHE","Switzerland"
"1128",1981-12-31,553006.89,"CHE","Switzerland"
"1129",1979-12-31,545969.59,"CHE","Switzerland"
"1130",1977-12-31,542278.75,"CHE","Switzerland"
"1131",1975-12-31,551953.63,"CHE","Switzerland"
"1132",1973-12-31,647602.8,"CHE","Switzerland"
"1133",1971-12-31,690950.57,"CHE","Switzerland"
"1134",1969-12-31,628292.98,"CHE","Switzerland"
"1135",1967-12-31,574435.87,"CHE","Switzerland"
"1136",1965-12-31,550629.86,"CHE","Switzerland"
"1137",1963-12-31,520663.89,"CHE","Switzerland"
"1138",1961-12-31,472054.8,"CHE","Switzerland"
"1139",1959-12-31,404666.15,"CHE","Switzerland"
"1140",1957-12-31,359917.06,"CHE","Switzerland"
"1141",1955-12-31,324110.07,"CHE","Switzerland"
"1142",1953-12-31,295721.05,"CHE","Switzerland"
"1143",1951-12-31,281834.92,"CHE","Switzerland"
"1144",1949-12-31,256252.69,"CHE","Switzerland"
"1145",1947-12-31,268669.8,"CHE","Switzerland"
"1146",1945-12-31,242380.32,"CHE","Switzerland"
"1147",1943-12-31,228008.22,"CHE","Switzerland"
"1148",1939-12-31,274197.71,"CHE","Switzerland"
"1149",1936-12-31,223308.89,"CHE","Switzerland"
"1150",1934-12-31,225995.42,"CHE","Switzerland"
"1151",1933-12-31,233565.04,"CHE","Switzerland"
"1152",2013-12-31,5298.86,"TWN","Taiwan"
"1153",2012-12-31,5821.07,"TWN","Taiwan"
"1154",2011-12-31,5882.55,"TWN","Taiwan"
"1155",2010-12-31,5314.79,"TWN","Taiwan"
"1156",2009-12-31,4380.53,"TWN","Taiwan"
"1157",2008-12-31,5745.54,"TWN","Taiwan"
"1158",2007-12-31,5509.56,"TWN","Taiwan"
"1159",2006-12-31,4913.74,"TWN","Taiwan"
"1160",2005-12-31,4884.67,"TWN","Taiwan"
"1161",2004-12-31,4442.48,"TWN","Taiwan"
"1162",2003-12-31,4402.19,"TWN","Taiwan"
"1163",2002-12-31,4130.13,"TWN","Taiwan"
"1164",2001-12-31,4754.07,"TWN","Taiwan"
"1165",2000-12-31,4702.58,"TWN","Taiwan"
"1166",1999-12-31,4109.51,"TWN","Taiwan"
"1167",1998-12-31,4086.09,"TWN","Taiwan"
"1168",1997-12-31,3691.17,"TWN","Taiwan"
"1169",1996-12-31,3436.84,"TWN","Taiwan"
"1170",1995-12-31,3428.53,"TWN","Taiwan"
"1171",1994-12-31,3357.97,"TWN","Taiwan"
"1172",1993-12-31,3047.34,"TWN","Taiwan"
"1173",1992-12-31,3017.18,"TWN","Taiwan"
"1174",1991-12-31,3083.15,"TWN","Taiwan"
"1175",1990-12-31,2711.48,"TWN","Taiwan"
"1176",1989-12-31,2543.13,"TWN","Taiwan"
"1177",1988-12-31,1972.68,"TWN","Taiwan"
"1178",1987-12-31,1860.64,"TWN","Taiwan"
"1179",1986-12-31,1517.12,"TWN","Taiwan"
"1180",1985-12-31,1428.22,"TWN","Taiwan"
"1181",1984-12-31,1284.32,"TWN","Taiwan"
"1182",1983-12-31,1101.93,"TWN","Taiwan"
"1183",1982-12-31,1020.14,"TWN","Taiwan"
"1184",1981-12-31,906.17,"TWN","Taiwan"
"1185",1980-12-31,905.83,"TWN","Taiwan"
"1186",1979-12-31,931.65,"TWN","Taiwan"
"1187",1978-12-31,924.7,"TWN","Taiwan"
"1188",1977-12-31,818.37,"TWN","Taiwan"
"1189",2013-12-31,923043.41,"USA","United States"
"1190",2012-12-31,1013053.19,"USA","United States"
"1191",2011-12-31,910292.34,"USA","United States"
"1192",2010-12-31,916092.62,"USA","United States"
"1193",2009-12-31,870470.54,"USA","United States"
"1194",2008-12-31,992245.15,"USA","United States"
"1195",2007-12-31,1072385.92,"USA","United States"
"1196",2006-12-31,1027584.85,"USA","United States"
"1197",2005-12-31,987848.39,"USA","United States"
"1198",2004-12-31,893255.27,"USA","United States"
"1199",2003-12-31,809917.26,"USA","United States"
"1200",2002-12-31,809036.74,"USA","United States"
"1201",2001-12-31,862491.45,"USA","United States"
"1202",2000-12-31,947587.12,"USA","United States"
"1203",1999-12-31,897604.75,"USA","United States"
"1204",1998-12-31,832081.23,"USA","United States"
"1205",1997-12-31,766511.18,"USA","United States"
"1206",1996-12-31,704373.47,"USA","United States"
"1207",1995-12-31,660105.89,"USA","United States"
"1208",1994-12-31,609537.26,"USA","United States"
"1209",1993-12-31,597545.19,"USA","United States"
"1210",1992-12-31,637632.17,"USA","United States"
"1211",1991-12-31,570773.58,"USA","United States"
"1212",1990-12-31,626909.39,"USA","United States"
"1213",1989-12-31,613347.98,"USA","United States"
"1214",1988-12-31,642282.94,"USA","United States"
"1215",1987-12-31,499497.12,"USA","United States"
"1216",1986-12-31,412730.99,"USA","United States"
"1217",1985-12-31,405728.85,"USA","United States"
"1218",1984-12-31,389542.63,"USA","United States"
"1219",1983-12-31,364414.51,"USA","United States"
"1220",1982-12-31,359359.23,"USA","United States"
"1221",1981-12-31,350802.85,"USA","United States"
"1222",1980-12-31,360500.16,"USA","United States"
"1223",1979-12-31,363887.39,"USA","United States"
"1224",1978-12-31,360631.32,"USA","United States"
"1225",1977-12-31,351631.28,"USA","United States"
"1226",1976-12-31,347738.55,"USA","United States"
"1227",1975-12-31,344596.91,"USA","United States"
"1228",1974-12-31,369129.07,"USA","United States"
"1229",1973-12-31,362650.45,"USA","United States"
"1230",1972-12-31,355825.83,"USA","United States"
"1231",1971-12-31,343065.85,"USA","United States"
"1232",1970-12-31,344787.57,"USA","United States"
"1233",1969-12-31,352292.9,"USA","United States"
"1234",1968-12-31,361705.34,"USA","United States"
"1235",1967-12-31,353304.82,"USA","United States"
"1236",1966-12-31,342589.26,"USA","United States"
"1237",1965-12-31,316186.22,"USA","United States"
"1238",1964-12-31,302067.08,"USA","United States"
"1239",1963-12-31,293322.78,"USA","United States"
"1240",1962-12-31,289989.63,"USA","United States"
"1241",1961-12-31,281937.91,"USA","United States"
"1242",1960-12-31,279313.5,"USA","United States"
"1243",1959-12-31,289122.24,"USA","United States"
"1244",1958-12-31,275396.96,"USA","United States"
"1245",1957-12-31,288870.06,"USA","United States"
"1246",1956-12-31,290920.76,"USA","United States"
"1247",1955-12-31,279398.68,"USA","United States"
"1248",1954-12-31,267409.64,"USA","United States"
"1249",1953-12-31,261776.07,"USA","United States"
"1250",1952-12-31,269301,"USA","United States"
"1251",1951-12-31,281296.83,"USA","United States"
"1252",1950-12-31,294876.65,"USA","United States"
"1253",1949-12-31,263188.71,"USA","United States"
"1254",1948-12-31,274398.75,"USA","United States"
"1255",1947-12-31,262013.48,"USA","United States"
"1256",1946-12-31,291339.05,"USA","United States"
"1257",1945-12-31,272468.8,"USA","United States"
"1258",1944-12-31,264971.89,"USA","United States"
"1259",1943-12-31,292233.75,"USA","United States"
"1260",1942-12-31,284106.85,"USA","United States"
"1261",1941-12-31,284274.13,"USA","United States"
"1262",1940-12-31,254984.65,"USA","United States"
"1263",1939-12-31,238164.1,"USA","United States"
"1264",1938-12-31,213848.64,"USA","United States"
"1265",1937-12-31,259759.91,"USA","United States"
"1266",1936-12-31,265609.43,"USA","United States"
"1267",1935-12-31,214377.63,"USA","United States"
"1268",1934-12-31,201020.24,"USA","United States"
"1269",1933-12-31,181813.88,"USA","United States"
"1270",1932-12-31,183153.98,"USA","United States"
"1271",1931-12-31,214822.37,"USA","United States"
"1272",1930-12-31,254631.71,"USA","United States"
"1273",1929-12-31,315068.39,"USA","United States"
"1274",1928-12-31,321577.54,"USA","United States"
"1275",1927-12-31,300191.56,"USA","United States"
"1276",1926-12-31,287350.95,"USA","United States"
"1277",1925-12-31,277796.44,"USA","United States"
"1278",1924-12-31,254971.42,"USA","United States"
"1279",1923-12-31,237109.44,"USA","United States"
"1280",1922-12-31,231667.35,"USA","United States"
"1281",1921-12-31,194859.7,"USA","United States"
"1282",1920-12-31,206392,"USA","United States"
"1283",1919-12-31,253977.98,"USA","United States"
"1284",1918-12-31,259577.37,"USA","United States"
"1285",1917-12-31,303897.97,"USA","United States"
"1286",1916-12-31,314897.31,"USA","United States"
"1287",1915-12-31,273941.52,"USA","United States"
"1288",1914-12-31,280275.73,"USA","United States"
"1289",1913-12-31,283752.01,"USA","United States"
"1290",2012-12-31,2747423.72,"URY","Uruguay"
"1291",2011-12-31,2740956.06,"URY","Uruguay"
"1292",2010-12-31,2540108.36,"URY","Uruguay"
"1293",2009-12-31,2314480.04,"URY","Uruguay"
